stamp,same_time_axes,nan,cloud_min,cloud_max,tisr_ratio,tisr_corr,gmean_ssrd,monthly_ratio,kt_mean,T_mean,kt_clip,T_clip,ssrd_max_wm2,tsr_max_wm2,tcc_mean
202508,True,0,0.0,1.0,0.9985970960080598,0.9999536966829181,179.78860454340963,1.000117592464254,0.4446039669783911,0.6206383209805362,0.0,0.0,1046.1333333333334,1256.0355555555554,0.6741251804859762
202603,True,0,0.0,1.0,1.0005217361824716,0.9999683996984396,191.80839685149974,0.9999518635756857,0.4981677266887161,0.597566618947811,0.0,0.0,1143.2533333333333,1303.608888888889,0.6605347863285526
202608,True,0,0.0,1.0,0.999303883457203,0.999972547658596,180.18015137667382,0.9999100014630562,0.4451867153360154,0.6221586484822021,0.0,0.0,1089.4577777777777,1254.0088888888888,0.6730296686195646
201501,True,0,0.0,1.0,0.9993282071749829,0.9999967062253509,195.38506460857207,0.999402530672696,0.5447280664521317,0.5817058890224432,0.0,0.0,1231.7511111111112,1329.1733333333334,0.6131832972459897
201502,True,0,0.0,1.0,0.9995279575731558,0.9999946719583502,193.41662097376562,0.999951919793946,0.5233595474750774,0.5836142482078216,0.0,0.0,1213.191111111111,1327.2177777777779,0.6423128547108437
201503,True,0,0.0,1.0,1.0008256656260992,0.9999915971582695,191.6178998257116,0.9999070821554555,0.4989722819961972,0.5932502203011525,0.0,0.0,1158.5777777777778,1300.088888888889,0.6779768826362417
201504,True,0,0.0,1.0,1.0023558919287714,0.9999929574461124,190.3378093171624,0.9997798406078172,0.49628792284518974,0.5956320638965493,0.0,0.0,1175.111111111111,1283.0577777777778,0.6946833103606069
201505,True,0,0.0,1.0,1.0023333391304097,0.9999960544993745,185.13490017710134,0.9996998086593984,0.5012894001680953,0.6019673427700156,0.0,0.0,1172.5866666666666,1265.3155555555556,0.6879709486510911
201506,True,0,0.0,1.0,1.0014478151838155,0.9999990754363102,177.9245202349966,0.9995270795991223,0.4761012343912443,0.6186823519041057,0.0,0.0,1120.7111111111112,1242.9866666666667,0.6729289660973681
201507,True,0,0.0,1.0,1.000544514215975,0.9999971468643379,175.27441777180826,0.999610794785658,0.4481690678173236,0.6227972800620653,0.0,0.0,1129.9911111111112,1241.2444444444445,0.6868227915056802
201508,True,0,0.0,1.0,1.0000558379835396,0.9999911461021842,178.5211422245224,0.9996451481626936,0.4445715225533288,0.6135036829433755,0.0,0.0,1079.3955555555556,1250.0266666666666,0.6901555571773519
201509,True,0,0.0,1.0,1.0004840372039592,0.9999840577241692,184.9278296945572,0.9997789226664094,0.4700153435904458,0.6003811162847658,0.0,0.0,1093.0133333333333,1277.5111111111112,0.6795569293879123
201510,True,0,0.0,1.0,1.0016556295821495,0.9999856859848385,191.6247356761443,0.9997505148706984,0.5189579259683657,0.579715801560972,0.0,0.0,1146.168888888889,1294.8977777777777,0.6588724536426598
201511,True,0,0.0,1.0,1.0008705579508903,0.9999941105968029,194.57824105603976,0.9999113298939845,0.5437208514752208,0.5699545517822222,0.0,0.0,1189.831111111111,1329.0311111111112,0.6466798128936003
201512,True,0,0.0,1.0,0.9999441634767122,0.9999985243400068,195.43302360330327,0.9997979192715073,0.5478537586922333,0.5783583975336917,0.0,0.0,1242.7733333333333,1329.4933333333333,0.6263538040592059
201601,True,0,0.0,1.0,0.9994159210152963,0.9999987567091967,194.03371774409325,1.0001164516811076,0.5415454583163509,0.5814029297824951,0.0,0.0,1237.1555555555556,1334.9333333333334,0.6142420916376005
201602,True,0,0.0,1.0,0.9999324212061397,0.9999992679873011,192.4545011326456,0.9996939100959835,0.5241935187606325,0.5843562890585959,0.0,0.0,1216.96,1331.84,0.63955909064489
201603,True,0,0.0,1.0,1.0008270690072738,0.9999982424168559,190.41164228764333,0.9998279191081495,0.4979621822271194,0.5954131567565757,0.0,0.0,1138.4533333333334,1297.7066666666667,0.6815797763676287
201604,True,0,0.0,1.0,1.001601359193399,0.9999990347997333,189.29262230486094,0.9997000115726838,0.4977000614245257,0.598115722537393,0.0,0.0,1171.8044444444445,1279.2177777777779,0.6893205466754085
201605,True,0,0.0,1.0,1.0016347537186874,0.9999988616466383,183.4268549132175,0.999293976326338,0.49393324919597564,0.6024456765972285,0.0,0.0,1183.4666666666667,1258.4888888888888,0.6868978459252337
201606,True,0,0.0,1.0,1.0010608695713594,0.9999995173985228,178.19890380246576,0.9994152924780724,0.48038543029113373,0.6217071147361426,0.0,0.0,1167.7866666666666,1240.2488888888888,0.6685291589054654
201607,True,0,0.0,1.0,1.0005031795758184,0.9999991587996733,175.5298806180937,0.9994822653702666,0.45033045308976705,0.6255970394535044,0.0,0.0,1085.5466666666666,1241.848888888889,0.6810615358159148
201608,True,0,0.0,1.0,1.00020685543852,0.9999978905440258,178.9305393525448,0.9994415283112326,0.4499436823035962,0.6205747959255711,0.0,0.0,1072.1244444444444,1252.408888888889,0.6756905051610816
201609,True,0,0.0,1.0,1.0002864546705716,0.9999948682076271,183.7089149945893,0.9997252524815512,0.4653275448891242,0.6035514991306624,0.0,0.0,1088.96,1274.6666666666667,0.6755241611017955
201610,True,0,0.0,1.0,1.0005993009069247,0.9999952561119418,190.11539851627677,0.9998131154277708,0.5139921726483553,0.5768753118587423,0.0,0.0,1153.28,1296.391111111111,0.6639615415809462
201611,True,0,0.0,1.0,0.9999029049995555,0.9999969503399748,194.75621076121405,0.9999356197188071,0.5456796402582496,0.5720137209199788,0.0,0.0,1195.8755555555556,1324.1955555555555,0.6282916330171988
201612,True,0,0.0,1.0,0.9994675915597596,0.9999983886497951,195.32669079154275,0.9998583774278524,0.5486161410831044,0.5793771563433683,0.0,0.0,1236.6933333333334,1335.2177777777779,0.6180249537398671
201701,True,0,0.0,1.0,0.9979906602340397,0.9999861772670164,195.58074197486178,0.9998396198729959,0.5398388994496132,0.583098090861428,0.0,0.0,1230.8266666666666,1325.44,0.6171319963536713
201702,True,0,0.0,1.0,0.9975586730946748,0.9999654920285402,193.5128422338929,0.9999631344598017,0.5210375173398524,0.5841562946446187,0.0,0.0,1200.391111111111,1321.0666666666666,0.6314553815200857
201703,True,0,0.0,1.0,0.9997818535534101,0.9999498412431164,192.57231280211525,0.999949142140601,0.4993726192686924,0.5963160218748804,0.0,0.0,1118.0266666666666,1299.3422222222223,0.6626910639964468
201704,True,0,0.0,1.0,1.0028653728346126,0.9999581932372745,190.69933758058613,0.9996640203663675,0.5029768742702606,0.598541976131263,0.0,0.0,1158.5777777777778,1283.4133333333334,0.6793986265077848
201705,True,0,0.0,1.0,1.002649044991072,0.9999817344937834,184.25334711167713,0.9995112240451198,0.49912098601574045,0.5986393116240338,0.0,0.0,1165.831111111111,1254.7911111111111,0.6903741859670056
201706,True,0,0.0,1.0,1.0010607848097375,0.9999972867249918,178.5760967433155,0.9999341189692444,0.4839168726519784,0.6202198234749036,0.0,0.0,1169.6355555555556,1253.0133333333333,0.6640735059001548
201707,True,0,0.0,1.0,0.9994217255410445,0.9999883210090744,176.4159114653972,0.999421457733906,0.4538980087455878,0.624831091058525,0.0,0.0,1058.808888888889,1246.5777777777778,0.674767308914743
201708,True,0,0.0,1.0,0.9985280031133332,0.9999599459243025,178.48340638066344,0.9998337799709429,0.44347621541926835,0.6149093945914693,0.0,0.0,1068.6755555555555,1260.871111111111,0.6880045618396459
201709,True,0,0.0,1.0,0.9997770463597354,0.9999337951102235,183.87695075514753,0.9997605557084887,0.4636244653050005,0.5991101270641794,0.0,0.0,1140.0355555555554,1271.6444444444444,0.6859998781198208
201710,True,0,0.0,1.0,1.002683567604789,0.9999424909504812,189.59300191424646,0.9998667235631387,0.5173627918556555,0.5774847710889437,0.0,0.0,1187.6977777777777,1294.4,0.6578957483505926
201711,True,0,0.0,1.0,1.0016815008039304,0.9999777406814159,194.04835774051216,0.9996812531760731,0.5436869286179703,0.5696693220275393,0.0,0.0,1211.3777777777777,1324.3733333333332,0.6442249139520373
201712,True,0,0.0,1.0,0.9997518118619735,0.9999971474652951,195.673687865788,0.9999732341829093,0.55435663365917,0.5804992857251134,0.0,0.0,1237.5822222222223,1343.0044444444445,0.6065867949599671
201801,True,0,0.0,1.0,0.9982667516587387,0.9999923206372917,195.7470169135887,0.999927335017026,0.5450793909856545,0.5864587466871775,0.0,0.0,1242.3111111111111,1330.5955555555556,0.6035796330028537
201802,True,0,0.0,1.0,0.998137032738016,0.9999825493786705,191.21294066134172,0.9998485947867921,0.5187594941211426,0.581259740845216,0.0,0.0,1173.9733333333334,1323.4133333333334,0.6474619763051449
201803,True,0,0.0,1.0,0.9999233969879469,0.999974275239679,192.32317773212375,0.9999459804978659,0.5002338305033934,0.5939890783302403,0.0,0.0,1148.7288888888888,1300.7288888888888,0.6714497185332237
201804,True,0,0.0,1.0,1.0022811673884142,0.9999781899582806,191.417406755399,0.9998126781595736,0.5056377686843867,0.5996048292641897,0.0,0.0,1167.431111111111,1274.0622222222223,0.6755753359932775
201805,True,0,0.0,1.0,1.002154738642568,0.9999898488597598,185.67511436175454,0.9997248748369305,0.4983302141369858,0.6021351266069603,0.0,0.0,1169.8133333333333,1251.6977777777777,0.6866546087720834
201806,True,0,0.0,1.0,1.000890024322935,0.9999982998729203,178.72332984203297,0.9993778376395904,0.4801337755191393,0.6200345799241463,0.0,0.0,1166.3644444444444,1242.0622222222223,0.6724780864873058
201807,True,0,0.0,1.0,0.9995870210388739,0.9999932314029296,175.89258080756596,0.9994236075167116,0.4529941569806406,0.6245467940661492,0.0,0.0,1074.8977777777777,1243.0933333333332,0.6767029639883422
201808,True,0,0.0,1.0,0.9988745416537229,0.9999774578711502,178.19826451860015,0.9997152740082742,0.4412833418349624,0.6132483656870737,0.0,0.0,1039.0577777777778,1260.8355555555556,0.6904472009467569
201809,True,0,0.0,1.0,0.9997309166258965,0.9999618813799535,185.1324096375317,0.9998557229984727,0.4687059209864908,0.6034897177884931,0.0,0.0,1100.1244444444444,1271.36,0.6774548604247003
201810,True,0,0.0,1.0,1.0018240084456926,0.9999666493526632,190.89030729692362,0.9999222319588538,0.5178597108326168,0.5806993445645876,0.0,0.0,1142.4,1298.951111111111,0.659638953905518
201811,True,0,0.0,1.0,1.000929485229794,0.9999870757638776,194.68700142667,0.9999566481439609,0.5457590320571137,0.5716044975033236,0.0,0.0,1199.8222222222223,1321.0666666666666,0.6352954562218212
201812,True,0,0.0,1.0,0.9994803421540782,0.9999980706792316,196.33506928504474,0.9997478696356673,0.5517753913083385,0.5828071868185716,0.0,0.0,1232.6044444444444,1330.3111111111111,0.604923535916223
201901,True,0,0.0,1.0,0.9986497136605914,0.9999965053949257,195.049957206775,0.9999031895404402,0.5397796367398484,0.5829264969638531,0.0,0.0,1233.4222222222222,1329.9911111111112,0.6264850712874301
201902,True,0,0.0,1.0,0.9988246458010508,0.9999937262976246,193.68512375437828,0.9999336051275014,0.5234823042283896,0.5848610907522857,0.0,0.0,1179.9466666666667,1323.591111111111,0.6291886299704095
201903,True,0,0.0,1.0,1.0001823189373402,0.9999903190088931,193.07779746477297,0.9997827646677764,0.5015460626572893,0.5972757025250871,0.0,0.0,1143.111111111111,1307.3422222222223,0.6626020710281244
201904,True,0,0.0,1.0,1.0018083189711613,0.9999916796339448,190.09912464392235,0.9997651561663362,0.49882118689453925,0.5977773104890669,0.0,0.0,1156.0177777777778,1279.4666666666667,0.6900835609974432
201905,True,0,0.0,1.0,1.0017687479588362,0.9999954850206194,184.82083113437346,0.9999179705835183,0.4942791827986478,0.6023995507954586,0.0,0.0,1133.12,1260.9777777777779,0.6842433648953657
201906,True,0,0.0,1.0,1.0008260364866253,0.9999990443275044,177.93832048738417,0.9997965070414316,0.4746943202719848,0.6198293068055863,0.0,0.0,1158.8977777777777,1245.7244444444445,0.6766593411111577
201907,True,0,0.0,1.0,0.999859560880341,0.999996777476283,176.24766161629566,0.999754567629027,0.45097437873506857,0.6262131622716386,0.0,0.0,1094.151111111111,1243.3066666666666,0.6819727964294765
201908,True,0,0.0,1.0,0.9993308619239836,0.9999899115618062,179.00779239477507,0.9999007141594822,0.44582672374084936,0.6170607531913564,0.0,0.0,1063.6266666666668,1246.5066666666667,0.68338754466334
201909,True,0,0.0,1.0,0.9998009331897529,0.9999819135102437,185.31401892932976,1.000052521548212,0.46886869314723023,0.6038413076046859,0.0,0.0,1077.5466666666666,1273.848888888889,0.6794525059266716
201910,True,0,0.0,1.0,1.001076655185928,0.9999838720291564,191.6005003890153,0.9999901315420483,0.5194007393832996,0.5810094586683411,0.0,0.0,1154.7377777777779,1300.3733333333332,0.6517691578992194
201911,True,0,0.0,1.0,1.0002851221648594,0.9999934163847783,195.10471047860605,1.0000025007922482,0.5471707534711507,0.5706044212347119,0.0,0.0,1205.5822222222223,1314.7733333333333,0.6181152303570804
201912,True,0,0.0,1.0,0.999314062571586,0.999998403807588,195.75321466081667,1.0000022788019132,0.5464083616814543,0.5783796812187493,0.0,0.0,1239.7511111111112,1333.0133333333333,0.6291343438065522
202001,True,0,0.0,1.0,0.998999253804572,0.9999987480498005,193.97910834476295,0.9996745806029613,0.5387994629279544,0.5827945103641582,0.0,0.0,1222.0444444444445,1332.9422222222222,0.6228073872878394
202002,True,0,0.0,1.0,0.9994950740985706,0.9999990359952301,192.18685949421163,0.9997949305435784,0.521738926447261,0.5843395233257859,0.0,0.0,1207.04,1320.1422222222222,0.6356818036136771
202003,True,0,0.0,1.0,1.00045401545343,0.999997994688934,191.13252384412064,1.0000854495815443,0.49479532880927973,0.5927874794744299,0.0,0.0,1116.408888888889,1305.3866666666668,0.683068425326345
202004,True,0,0.0,1.0,1.0013213601595516,0.9999985919383845,190.4633412629499,0.9997469891866918,0.49777481975000054,0.5969274781314838,0.0,0.0,1165.7955555555557,1276.1955555555555,0.6843681111784977
202005,True,0,0.0,1.0,1.0013359459554387,0.9999986436343326,185.44661385496445,0.9994788306765011,0.49680002918050814,0.6044337008078314,0.0,0.0,1189.4044444444444,1250.2755555555555,0.6761977466125882
202006,True,0,0.0,1.0,1.0007041576879157,0.9999995141659039,178.4254299821264,0.9995656793772331,0.4749924063674461,0.6202795334763718,0.0,0.0,1107.8577777777778,1244.5155555555555,0.6737604105963346
202007,True,0,0.0,1.0,1.0000831275474744,0.9999989558316963,175.24606169385726,0.9998308212190642,0.4422265955754332,0.6236107307207785,0.0,0.0,1071.36,1238.7911111111111,0.6884861174353397
202008,True,0,0.0,1.0,0.9997475065901357,0.9999972950208853,179.21868301087886,1.000000519800539,0.4418347658889395,0.6175405397855827,0.0,0.0,1070.56,1252.1244444444444,0.6831044023399573
202009,True,0,0.0,1.0,0.9998728454532615,0.9999937209973053,184.8538426043513,0.9998095370413946,0.46904559215121716,0.6042212674488485,0.0,0.0,1074.1155555555556,1275.0933333333332,0.6668061662090436
202010,True,0,0.0,1.0,1.000288070934341,0.9999943420699039,190.67320092124183,1.0001445377882268,0.5194572345464614,0.5772812478518831,0.0,0.0,1165.44,1298.0622222222223,0.6519207937602688
202011,True,0,0.0,1.0,0.9995834695016591,0.9999966327006068,194.8921670790363,1.0001004918465655,0.5452147857984806,0.5702882605390389,0.0,0.0,1208.2844444444445,1317.4755555555555,0.6271294138807375
202012,True,0,0.0,1.0,0.9991027766090638,0.9999982797433906,195.00668063731794,0.9998381654934765,0.545702225151918,0.5785418298596962,0.0,0.0,1227.0933333333332,1347.52,0.6242980315653721
202101,True,0,0.0,1.0,0.9976850251325086,0.9999855491082563,194.91528117173746,0.9995925013088842,0.542612223676759,0.5836088304488458,0.0,0.0,1245.191111111111,1321.6,0.6083205102742436
202102,True,0,0.0,1.0,0.997231632880502,0.999963009175409,193.47682322017496,1.0001120591986108,0.5236718328982838,0.5842320962955733,0.0,0.0,1214.2222222222222,1325.5466666666666,0.6400299659881923
202103,True,0,0.0,1.0,0.9995173088549151,0.9999463567155218,192.75235828481152,0.9997733897132597,0.5019906246768654,0.5949587146779243,0.0,0.0,1141.1022222222223,1298.5955555555556,0.6600761361423638
202104,True,0,0.0,1.0,1.002694809758786,0.999955146121518,190.944123459415,0.9997710664374587,0.5044839594180806,0.5984440536715873,0.0,0.0,1176.4266666666667,1281.28,0.6773301083697904
202105,True,0,0.0,1.0,1.0024601739201862,0.9999804613169805,185.31988319865127,0.9995070056562508,0.5006755371865554,0.6033298507447319,0.0,0.0,1144.6222222222223,1248.2488888888888,0.6770242766863702
202106,True,0,0.0,1.0,1.0008145038865843,0.9999971991593718,179.92466375088978,0.9998076404535151,0.482057946950389,0.6231305369408754,0.0,0.0,1112.871111111111,1250.0977777777778,0.6677846081106088
202107,True,0,0.0,1.0,0.9991121674066414,0.9999875584781103,176.4314267842725,0.9998522500561414,0.4491337278846173,0.6248849981253449,0.0,0.0,1084.0,1238.5066666666667,0.6792607281523483
202108,True,0,0.0,1.0,0.9981789859854592,0.9999572912348522,179.42792315192426,0.9999115708470576,0.44137233542983006,0.6138513214869891,0.0,0.0,1068.3733333333332,1258.4533333333334,0.6867253705861812
202109,True,0,0.0,1.0,0.9994724015546226,0.999929489415796,184.5469441119363,0.9999084217290929,0.46771112264183357,0.6017389312793433,0.0,0.0,1074.4355555555555,1280.7822222222221,0.6751249552641854
202110,True,0,0.0,1.0,1.002481497545752,0.9999388277107139,190.5187374055108,0.9999804726670198,0.5252100716039592,0.5809525396538331,0.0,0.0,1148.4444444444443,1298.0977777777778,0.6341163370621001
202111,True,0,0.0,1.0,1.001471567312123,0.9999762847683658,195.11627683177508,1.000248830538125,0.5498055127340854,0.5740930637120585,0.0,0.0,1216.2133333333334,1315.2,0.6248088656556817
202112,True,0,0.0,1.0,0.9994965112947571,0.9999970173426186,195.6136330779763,0.9996747015597852,0.5499599500598684,0.5824686791461584,0.0,0.0,1222.6844444444444,1327.36,0.6163812611971462
202201,True,0,0.0,1.0,0.998044816446041,0.9999918941712861,195.74445767680692,0.9998529421123956,0.5394255219957238,0.586066309438297,0.0,0.0,1218.0622222222223,1333.12,0.6295973117227804
202202,True,0,0.0,1.0,0.9978929187932094,0.9999807945350582,194.49014037547374,0.9998098216122766,0.5249022635229412,0.5869153413418456,0.0,0.0,1214.9688888888888,1319.3955555555556,0.6211679997148011
202203,True,0,0.0,1.0,0.9997414623187267,0.9999718278382185,192.7498004281436,0.9999374385108941,0.5033881394912654,0.5979380569833683,0.0,0.0,1160.3377777777778,1296.568888888889,0.6531666350797612
202204,True,0,0.0,1.0,1.0021941393417846,0.9999759683943441,190.44917685004526,0.9998982715506691,0.5082816301398289,0.5981490623787042,0.0,0.0,1176.1066666666666,1272.8533333333332,0.6701573841313672
202205,True,0,0.0,1.0,1.0020497944070486,0.9999889022168562,185.08750350941804,0.9995967863786314,0.5014268801317373,0.6018560482637079,0.0,0.0,1167.0044444444445,1261.2622222222221,0.6781833630579511
202206,True,0,0.0,1.0,1.0007273559524308,0.9999982377610941,180.1257793123213,0.9998153453407499,0.48321191913968553,0.6227171332074477,0.0,0.0,1098.0088888888888,1238.4,0.6612813833186083
202207,True,0,0.0,1.0,0.9993611598492098,0.9999926547648701,175.50645263987545,0.9996769073374807,0.4497284668299486,0.6242649961977991,0.0,0.0,1107.0755555555556,1243.911111111111,0.679649102194825
202208,True,0,0.0,1.0,0.998608919755875,0.9999754708646349,178.6097607513879,1.000083408879978,0.44243986907274113,0.6152673238689362,0.0,0.0,1053.6888888888889,1264.568888888889,0.6886858734168766
202209,True,0,0.0,1.0,0.9995083083706073,0.9999585872603174,184.7930401752024,0.9996891723532373,0.4668388402871422,0.6029219507766088,0.0,0.0,1112.4266666666667,1273.1022222222223,0.679373278950076
202210,True,0,0.0,1.0,1.0017018222910434,0.9999630298535727,190.98863343394567,0.9997947064934819,0.5242985503808728,0.5811979358808087,0.0,0.0,1189.9377777777777,1299.9466666666667,0.6424285661954999
202211,True,0,0.0,1.0,1.0008035692756867,0.9999851866941825,194.3584575920308,1.000068139992709,0.5448308109693024,0.5700771976186217,0.0,0.0,1204.4444444444443,1318.9688888888888,0.6382707450137095
202212,True,0,0.0,1.0,0.9993089235250358,0.9999972222261455,196.1500447246871,1.0001242597316267,0.5479543122526025,0.5814833147670304,0.0,0.0,1252.2666666666667,1326.2933333333333,0.6189129070278947
202301,True,0,0.0,1.0,0.9985527711693506,0.9999955276032385,195.90642272574675,1.0000127018872722,0.543440334405036,0.5870236164476601,0.0,0.0,1249.0311111111112,1326.328888888889,0.613165779160251
202302,True,0,0.0,1.0,0.9987054874709704,0.9999918462387957,194.34687946056164,0.999936871093722,0.5245803484536541,0.587597673444682,0.0,0.0,1168.64,1321.8844444444444,0.639334165035086
202303,True,0,0.0,1.0,1.0001256932221743,0.9999880409464531,192.8828310910278,0.9999895585358848,0.5007107221970285,0.5971756952437666,0.0,0.0,1153.671111111111,1303.111111111111,0.664452601459796
202304,True,0,0.0,1.0,1.0018472053768177,0.9999894204090748,191.5877092405518,1.0001637293516543,0.5074443167998269,0.6003644332293273,0.0,0.0,1163.3066666666666,1275.9822222222222,0.6725127790514234
202305,True,0,0.0,1.0,1.0017900349100357,0.9999940951520102,185.78370419156832,0.9996093083293555,0.5015441188226397,0.603207305638748,0.0,0.0,1176.2488888888888,1256.8177777777778,0.6840846176524433
202306,True,0,0.0,1.0,1.0007898436064497,0.999998295759947,180.23502312583307,0.9997096032063392,0.48376881780881636,0.624767806579261,0.0,0.0,1127.9466666666667,1244.0177777777778,0.6619966315466816
202307,True,0,0.0,1.0,0.9997599266406433,0.9999956418207543,176.78208884646858,0.9996958104798143,0.45259357471156236,0.6287391814688706,0.0,0.0,1086.7555555555555,1240.2488888888888,0.6736471647197669
202308,True,0,0.0,1.0,0.9991905798894762,0.9999877461839315,180.45124537949204,0.9997377216626274,0.44917685501201576,0.6219841889673952,0.0,0.0,1039.4666666666667,1253.831111111111,0.6711719146834104
202309,True,0,0.0,1.0,0.9997034004515719,0.9999787814716355,185.9003250076694,0.9997684410754146,0.4672284678856543,0.6083208926987026,0.0,0.0,1076.0177777777778,1275.4844444444445,0.6668723549577844
202310,True,0,0.0,1.0,1.0010838419587735,0.9999810636305156,191.39930903922638,0.9998135037785327,0.5164551078745254,0.5814356725878016,0.0,0.0,1150.9333333333334,1303.608888888889,0.6629415253843829
202311,True,0,0.0,1.0,1.0002852894286245,0.9999918903294467,194.59955509522956,1.0000104182173077,0.5397317589452837,0.5711628420302239,0.0,0.0,1199.8933333333334,1324.16,0.6476333726808114
202312,True,0,0.0,1.0,0.9992686379382942,0.9999975610229578,195.6841117582674,1.0000921291340166,0.5458192991294841,0.5801957410865879,0.0,0.0,1219.5555555555557,1335.1822222222222,0.6371524787607101
202401,True,0,0.0,1.0,0.999228609515648,0.9999979659943459,194.42708502158138,0.9999287104029932,0.5387325710622791,0.584153963911918,0.0,0.0,1242.0266666666666,1336.8177777777778,0.6319902121311208
202402,True,0,0.0,1.0,0.9997046458438545,0.9999978715303869,192.57725463579558,0.9995801016019834,0.5178936087368292,0.5847285731439792,0.0,0.0,1162.56,1338.168888888889,0.6625155239184136
202403,True,0,0.0,1.0,1.000728871838561,0.9999967267819738,191.29404999288028,0.999759556684081,0.49849484746856343,0.5944011900277567,0.0,0.0,1109.7777777777778,1302.9333333333334,0.673466389056422
202404,True,0,0.0,1.0,1.0016896507790012,0.9999971742095621,189.42881949152394,0.9995638797327907,0.49994072811494467,0.5952243662061877,0.0,0.0,1161.8844444444444,1274.951111111111,0.6882072190913348
202405,True,0,0.0,1.0,1.0016855357758245,0.9999976103367407,184.68121172207327,0.9995965459188458,0.49972494814815943,0.6013905479775041,0.0,0.0,1181.3333333333333,1255.8222222222223,0.678229416106808
202406,True,0,0.0,1.0,1.0009952382374936,0.9999987969244853,178.59281249979594,0.999626888482659,0.47556820347839535,0.6205959337700603,0.0,0.0,1121.3866666666668,1247.4666666666667,0.6725763049160451
202407,True,0,0.0,1.0,1.000310634847852,0.999997985384923,175.8562905060339,0.9997958889616985,0.44735154618872774,0.6271510290494455,0.0,0.0,1090.0266666666666,1252.5155555555555,0.6792463175573202
202408,True,0,0.0,1.0,0.999935385551174,0.9999957672312503,179.6981597498631,0.9996146342647849,0.447705040143797,0.6248505138630102,0.0,0.0,1053.2088888888889,1255.04,0.6691173653489457
202409,True,0,0.0,1.0,1.0001064727509161,0.9999915749092495,184.9978018255699,0.9997032591960003,0.46722528947193365,0.6068505694714676,0.0,0.0,1090.4888888888888,1270.9688888888888,0.6682591128768047
202410,True,0,0.0,1.0,1.000624775053044,0.9999924384674828,191.64198063076034,1.0000887294905059,0.5197313309665695,0.582283644278804,0.0,0.0,1158.9333333333334,1293.1555555555556,0.6524831489860836
202411,True,0,0.0,1.0,0.999910990208393,0.9999954920072638,195.0972077537621,0.9998008877399013,0.5454764010693341,0.5716168535822254,0.0,0.0,1203.3422222222223,1315.7333333333333,0.631424634201814
202412,True,0,0.0,1.0,0.9993843641673745,0.9999974538032661,196.26995143474934,1.0001894400095133,0.5487479779410116,0.58096547369218,0.0,0.0,1257.351111111111,1345.0311111111112,0.6240399097455164
202501,True,0,0.0,1.0,0.9981443170461997,0.9999841302886727,196.82388272264984,1.0000962409300527,0.5423321930352389,0.5880515683915785,0.0,0.0,1241.1733333333334,1333.7244444444445,0.6051118913331095
202502,True,0,0.0,1.0,0.997670685718194,0.99995958266857,193.92537720773598,0.9999459430828692,0.5172284458731937,0.5853401250400927,0.0,0.0,1179.3066666666666,1328.0355555555554,0.644764594150479
202503,True,0,0.0,1.0,1.0000223631005358,0.9999419092038033,192.8085222442882,0.9998804879518265,0.5016343299457517,0.598864906847797,0.0,0.0,1131.608888888889,1301.5111111111112,0.6590872194052846
202504,True,0,0.0,1.0,1.0032949412553696,0.999951116959225,189.46745247250067,1.000103470609528,0.5004920072989653,0.598334371619044,0.0,0.0,1137.8133333333333,1280.391111111111,0.6840503923209381
202505,True,0,0.0,1.0,1.00304187709265,0.9999783614845649,184.9814527562567,0.9999503037526887,0.4978473067863091,0.6048666867054341,0.0,0.0,1182.5777777777778,1260.6577777777777,0.6776494043045189
202506,True,0,0.0,1.0,1.0013371223994596,0.9999963887338156,178.5319782442522,0.9996715025934253,0.4798719950908427,0.620676311277328,0.0,0.0,1148.5155555555555,1241.92,0.6674168051697256
202507,True,0,0.0,1.0,0.999570577096267,0.9999860209060554,176.46624769574785,0.9997826540236587,0.4485433088990367,0.62732677357332,0.0,0.0,1108.7822222222221,1236.2311111111112,0.6769354590909062
202508,True,0,0.0,1.0,0.9985970960080598,0.9999536966829181,179.78860454340963,1.000117592464254,0.4446039669783911,0.6206383209805362,0.0,0.0,1046.1333333333334,1256.0355555555554,0.6741251804859762
202509,True,0,0.0,1.0,0.9999361548552151,0.9999242289778821,185.74341178319912,0.9998294128501565,0.4682146012495771,0.6061423707289038,0.0,0.0,1111.8222222222223,1273.4577777777777,0.6686033063779688
202510,True,0,0.0,1.0,1.0030500446707067,0.9999341705722673,191.239057633828,0.9998440614840454,0.5236219452992368,0.5828493887686308,0.0,0.0,1148.0177777777778,1294.1866666666667,0.6299034765862483
202511,True,0,0.0,1.0,1.0020313063636177,0.9999739930592522,196.13825792539927,0.9998121047309428,0.5515128559850889,0.5747969744422565,0.0,0.0,1206.151111111111,1320.8533333333332,0.6070757424446863
202512,True,0,0.0,1.0,1.0000095582701878,0.9999961566545711,196.73708609831834,1.0001113447455519,0.553033896834077,0.5820252795694634,0.0,0.0,1230.4355555555555,1326.9688888888888,0.6099750946825047
